username,password,first_name,last_name,email,created_date,is_verified,is_enabled,is_account_locked
admin,{bcrypt}$2a$10$iUl9Y5/8a/dbeUpxz72sVuIpyO1wX7jelejLQUfwxc/krLiNkzY/S,admin,admin,admin@admin.com,2019-05-16 00:00:00,false,true,false
user,{bcrypt}$2a$10$qAruRF7Jyu6N3.6ER01E1epzGmN4IhK71DoBWY/bjSMo4D87cE/SC,Ronny,Scoterbosh,user@user.com,2019-05-23 00:00:00,false,true,false
test,{bcrypt}$2a$10$qAruRF7Jyu6N3.6ER01E1epzGmN4IhK71DoBWY/bjSMo4D87cE/SC,Dorian,Dumbrell,test@test.com,2019-05-20 00:00:00,false,true,false
bran,{bcrypt}$2a$10$qAruRF7Jyu6N3.6ER01E1epzGmN4IhK71DoBWY/bjSMo4D87cE/SC,Bradan,Micallef,bmicallef1@hc360.com,2019-05-17 00:00:00,false,true,false
frow,{bcrypt}$2a$10$qAruRF7Jyu6N3.6ER01E1epzGmN4IhK71DoBWY/bjSMo4D87cE/SC,Faye,Rowbotham,frowbotham2@nyu.edu,2019-05-18 00:00:00,false,true,false
moto,{bcrypt}$2a$10$qAruRF7Jyu6N3.6ER01E1epzGmN4IhK71DoBWY/bjSMo4D87cE/SC,Marcellus,Cota,mcota3@live.com,2019-05-19 00:00:00,false,true,false
alowin5,{bcrypt}$2a$10$qAruRF7Jyu6N3.6ER01E1epzGmN4IhK71DoBWY/bjSMo4D87cE/SC,Aldric,Lowin,alowin5@hibu.com,2019-05-21 00:00:00,false,true,false
bphalip6,{bcrypt}$2a$10$qAruRF7Jyu6N3.6ER01E1epzGmN4IhK71DoBWY/bjSMo4D87cE/SC,Bobby,Phalip,bphalip6@wisc.edu,2019-05-22 00:00:00,false,true,false
yvigours8,{bcrypt}$2a$10$qAruRF7Jyu6N3.6ER01E1epzGmN4IhK71DoBWY/bjSMo4D87cE/SC,Yettie,Vigours,yvigours8@gravatar.com,2019-05-24 00:00:00,false,true,false
iabbey9,{bcrypt}$2a$10$qAruRF7Jyu6N3.6ER01E1epzGmN4IhK71DoBWY/bjSMo4D87cE/SC,Ivar,Abbey,iabbey9@smugmug.com,2019-05-25 00:00:00,false,true,false
